ID,x,y,meanX,meanY,sdX,sdY,devX,devY,stdX,stdY,productStdXStdY,sqStdX,sqStdY,rankX,rankY
1,-0.453497173462763,-0.15055344554256622,0.18304858680239072,0.07577932854987068,0.5567063220238654,0.8512935698882449,-0.6365457602651537,-0.2263327740924369,-1.1434139241513153,-0.2658692395881119,0.30399859054856926,1.3073954019431098,0.07068645255916087,1,2
2,-0.10930331468105392,-1.0182812985329184,0.18304858680239072,0.07577932854987068,0.5567063220238654,0.8512935698882449,-0.29235190148344464,-1.094060627082789,-0.5251456466681041,-1.285174310932965,0.6749036945961271,0.2757779502144613,1.6516730094820213,2,1
3,0.5855288178438556,0.900578093378051,0.18304858680239072,0.07577932854987068,0.5567063220238654,0.8512935698882449,0.40248023104146485,0.8247987648281803,0.7229668770030798,0.9688770055392961,0.7004659828948406,0.5226811052435864,0.9387226518627932,3,4
4,0.7094660175095243,0.5713739648969164,0.18304858680239072,0.07577932854987068,0.5567063220238654,0.8512935698882449,0.5264174307071336,0.4955946363470457,0.9455926938163399,0.5821665449817808,0.5504924315190736,0.8941455425988424,0.3389178860960238,4,3
